级别,词语,词性,HSK词语级别
1,你们,代词,1
1,你,代词,1
1,们,助词,1
1,你好,短语,1
1,好,形容词,1
1,您好,短语,1
1,您,代词,1
1,对不起,短语,1
1,不,副词,1
1,没关系,短语,1
1,没,动词,1
2,一,数字,1
2,二,数字,1
2,三,数字,1
2,四,数字,1
2,五,数字,1
2,六,数字,1
2,七,数字,1
2,八,数字,1
2,九,数字,1
2,十,数字,1
3,谢谢,短语,1
3,不客气,短语,1
3,再见,短语,1
3,再,副词,1
4,山,名词,1
4,小,形容词,1
4,口,名词,1
4,叫,动词,1
5,什么,代词,1
5,名字,名词,1
5,字,名词,1
6,我,代词,1
6,是,动词,1
6,老师,名词,1
6,老,形容词,1
6,吗,助词,1
6,学生,名词,1
6,学,动词,1
6,人,名词,1
7,中国,名词,1
7,美,形容词,1
7,心情,名词,1
7,心,名词,1
7,情,名词,1
8,她,代词,1
8,谁,代词,1
8,的,助词,1
8,汉语,名词,1
9,哪,代词,1
9,国,名词,1
9,呢,助词,1
9,他们,代词,1
9,他,代词,1
9,同学,名词,1
9,同,介词,1
10,朋友,名词,1
10,几,代词,1
10,儿子,名词,1
11,家人,名词,1
11,女儿,名词,1
11,几个,代词,1
11,个,量词,1
11,几岁,短语,1
11,好了,助词,1
11,了,助词,1
11,口,量词,1
11,没有,动词,1
11,没,副词,1
12,多大,副词,1
12,多,形容词,1
12,大,形容词,1
12,山水,名词,1
12,水,名词,1
12,女人,名词,1
12,大家,形容词,1
12,好了,名词,1
12,今年,名词,1
12,今,名词,1
12,年,名词,1
12,年,量词,1
12,明年,名词,1
13,不会,短语,1
13,会说,动词,1
13,妈妈,名词,1
13,做菜,名词,1
13,做,动词,1
13,很好,副词,1
13,很,副词,1
13,做饭,动词,1
13,吃饭,动词,1
13,吃,动词,1
14,写字,动词,1
14,写,动词,1
14,汉字,名词,1
14,怎么,代词,1
14,东西,名词,1
14,东,名词,1
14,西,名词,1
14,读书,动词,1
14,读,动词,1
14,书,名词,1
15,请问,动词,1
15,问,动词,1
15,今天,名词,1
15,天,名词,1
15,天,量词,1
15,明天,名词,1
15,几号,名词,1
15,九月,名词,1
15,月,名词,1
15,星期,名词,1
15,星,名词,1
15,期,量词,1
16,昨天,名词,1
16,去哪儿,动词,1
16,去,动词,1
16,学校,名词,1
16,看书,动词,1
16,看,动词,1
16,四五,数字,1
16,读书,名词,1
17,想吃,动词,1
17,想,动词,1
17,喝茶,动词,1
17,喝,动词,1
17,茶,名词,1
17,米饭,名词,1
17,米,名词,1
18,下午,名词,1
18,下,方位词,1
18,午,名词,1
18,中午,名词,1
18,中,名词,1
18,商店,名词,1
18,买什么,动词,1
18,买,动词,1
18,一个,量词,1
18,杯子,名词,1
18,杯,名词,1
18,杯,量词,1
18,桌子,名词,1
19,这个,代词,1
19,这,代词,1
19,多少,代词,1
19,少,形容词,1
19,多少钱,名词,1
19,几块钱,量词,1
19,块,量词,1
19,那个,代词,1
19,那,代词,1
20,小猫,名词,1
20,猫,名词,1
20,在那儿,动词,1
20,在,介词,1
20,小狗,名词,1
20,狗,名词,1
20,椅子,名词,1
20,下面,介词,1
20,面,名词,1
20,上面,名词,1
20,上,方位词,1
21,在哪儿,代词,1
21,工作,名词,1
21,医院,名词,1
22,桌子上,名词,1
22,电脑,名词,1
22,电,名词,1
22,脑,名词,1
22,电脑和书,连词,1
22,和,连词,1
22,和,介词,1
22,一本,量词,1
22,本,量词,1
22,桌子里,名词,1
22,爸爸,名词,1
23,前面,名词,1
23,前,名词,1
23,面,名词,1
23,这儿,副词,1
23,不能,短语,1
23,请坐,动词,1
23,坐,动词,1
23,上下,方位词,1
23,后面,介词,1
23,后,名词,1
23,没有,副词,1
24,现在,名词,1
24,五点,量词,1
24,点,名词,1
24,十分,量词,1
24,分,量词,1
25,时候,名词,1
25,时,名词,1
25,回家,动词,1
25,回,动词,1
25,电影,名词,1
25,住几天,动词,1
25,周五前,名词,1
25,周,名词,1
25,吃饭,名词,1
25,北京,特殊名词,1
25,北,名词,1
26,天气,名词,1
26,气,名词,1
26,怎么样,代词,1
26,怎,代词,1
26,太,副词,1
26,太热,形容词,1
26,热,形容词,1
26,不冷,形容词,1
26,冷,形容词,1
26,下,动词,1
26,下雨,名词,1
26,雨,名词,1
27,小姐,名词,1
27,会来,动词,1
27,来,动词,1
27,爱吃,动词,1
27,爱,动词,1
27,一些,量词,1
27,水果,名词,1
27,果,名词,1
27,身体,名词,1
28,喂,叹词,1
28,也在,副词,1
28,也,副词,1
28,学习,动词,1
28,上午,名词,1
29,睡觉,动词,1
29,睡,动词,1
29,电视,名词,1
29,喜欢,动词,1
29,给她,代词,1
30,打电话,动词,1
30,打,动词,1
30,电话,名词,1
30,日月,名词,1
30,日,名词,1
30,耳目,名词,1
30,耳,名词,1
30,打吧,助词,1
30,吧,助词,1
31,一点儿,数字,1
31,苹果,名词,1
32,看见,动词,1
32,先生,名词,1
32,开车,名词,1
32,开,动词,1
32,车,名词,1
32,回来,动词,1
33,分钟,名词,1
33,分,名词,1
33,钟,名词,1
33,张先生,特殊名词,1
33,衣服,名词,1
33,衣,名词,1
33,后面,名词,1
33,漂亮,形容词,1
33,亮,形容词,1
34,是啊,助词,1
34,啊,助词,1
34,啊,叹词,1
34,不少,形容词,1
34,这些,代词,1
34,都是,副词,1
34,都,副词,1
35,认识,动词,1
35,大学,形容词,1
35,饭店,名词,1
36,出租车,名词,1
36,出,动词,1
36,高兴,形容词,1
36,高,形容词,1
36,听说,动词,1
36,听,动词,1
36,飞机,名词,1
36,飞,动词,1
37,旅游,动词,2
37,游,动词,2
37,觉得,动词,2
37,得,助词,2
37,为什么,名词,2
37,为,介词,2
37,不冷也不热,副词,2
37,最好,副词,2
37,最,副词,2
38,运动,动词,2
38,踢,动词,2
38,足球,名词,2
38,踢足球,短语,2
39,不要,助词,2
39,新的,形容词,2
39,新,形容词,2
39,它叫,代词,2
39,它,代词,2
39,花花,特殊名词,2
39,花,名词,2
39,干活,形容词,2
39,眼睛,名词,2
39,眼,名词,2
40,生病,动词,2
40,生,动词,2
40,病,名词,2
40,每天,代词,2
40,每,代词,2
40,早上,名词,2
40,早,名词,2
40,早,形容词,2
40,跑步,动词,2
40,跑,动词,2
40,起床,名词,2
41,吃药,名词,2
41,出门,名词,2
41,门,名词,2
41,出院,名词,2
41,多高,形容词,2
41,知道,动词,2
41,一米,量词,2
42,休息,动词,2
42,很忙,形容词,2
42,时间,名词,2
43,手表,名词,2
43,手,名词,2
43,表,名词,2
43,三千,数字,2
43,报纸,名词,2
43,纸,名词,2
43,送报纸,动词,2
43,送,动词,2
43,一下,介词,2
43,下,量词,2
43,牛奶,名词,2
43,牛,名词,2
44,房间,名词,2
44,房,名词,2
44,丈夫,名词,2
44,旁边,名词,2
44,旁,名词,2
44,边,名词,2
44,真漂亮,副词,2
44,真,形容词,2
44,真,副词,2
45,粉色,形容词,2
45,颜色,名词,2
45,左边,名词,2
45,左,名词,2
45,红色,形容词,2
45,红,形容词,2
45,一斤,数字,2
45,斤,量词,2
45,一两,数字,2
45,两,量词,2
46,生日,名词,2
46,快乐,形容词,2
46,快,形容词,2
46,乐,形容词,2
46,给你,介词,2
47,接电话,动词,2
47,接,动词,2
47,晚上,名词,2
47,晚,名词,2
47,问一下,动词,2
47,非常,副词,2
47,非,副词,2
47,常,副词,2
47,开始,动词,2
47,已经,副词,2
47,已,副词,2
48,多长,形容词,2
48,长,形容词,2
48,两年,数字,2
48,帮我,动词,2
48,介绍,动词,2
49,外面,名词,2
49,外,方位词,2
49,准备,动词,2
49,就做,副词,2
49,就,副词,2
49,小鱼,名词,2
49,鱼,名词,2
50,这件,量词,2
50,件,量词,2
50,还,副词,2
50,可以,形容词,2
50,还可以,形容词,2
50,不错,形容词,2
50,错,形容词,2
51,考试,名词,2
51,咖啡,名词,2
51,以后,名词,2
51,意思,名词,2
51,意,名词,2
51,思,名词,2
52,门外,名词,2
52,自行车,名词,2
52,自,代词,2
53,羊肉,名词,2
53,羊,名词,2
53,肉,名词,2
53,好吃,动词,2
53,面条,名词,2
54,打篮球,动词,2
54,篮球,名词,2
54,因为,名词,2
54,因,连词,2
54,所以,连词,2
55,游泳,动词,2
55,姐姐,名词,2
55,公斤,量词,2
55,经常,副词,2
56,教室,名词,2
56,教,动词,2
56,路上,名词,2
56,机场,名词,2
57,公司,名词,2
57,太远,形容词,2
57,公共,名词,2
57,汽车,名词,2
57,距离,动词,2
58,小时,名词,2
58,时,量词,2
58,太慢,形容词,2
58,慢,形容词,2
58,不快,形容词,2
58,过生日,动词,2
58,走路,动词,2
58,走,动词,2
58,到了,动词,2
59,再去,副词,2
59,让我,动词,2
59,告诉,动词,2
59,找人,动词,2
59,找,动词,2
59,事情,名词,2
59,等等,动词,2
59,等,动词,2
60,服务员,名词,2
60,白的,形容词,2
60,白,形容词,2
60,黑的,形容词,2
60,黑,形容词,2
60,红的,形容词,2
61,打错了,形容词,2
61,从几岁,介词,2
61,从,介词,2
61,跳舞,动词,2
61,跳,动词,2
61,希望,动词,2
62,第一,数字,2
62,问题,名词,2
62,欢迎,动词,2
63,上班,动词,2
63,听懂,动词,2
63,做完,动词,2
63,题目,名词,2
64,汉语课,名词,2
64,帮助,动词,2
64,别看,副词,2
64,别,副词,2
64,哥哥,名词,2
64,鸡蛋,名词,2
64,鸡,名词,2
65,西瓜,名词,2
65,瓜,名词,2
65,正在,副词,2
65,正,副词,2
65,手机,名词,2
65,洗了,动词,2
65,洗,动词,2
66,唱歌,动词,2
66,唱,动词,2
66,男朋友,名词,2
66,女孩,形容词,2
66,孩子,名词,2
67,比我,介词,2
67,比,动词,2
67,右边,名词,2
67,右,方位词,2
67,便宜,形容词,2
68,说话,动词,2
68,可能,助词,2
68,去,形容词,2
68,去年,名词,2
68,姓王,动词,2
69,睡得早,助词,2
69,早,副词,2
69,妻子,名词,2
69,下雪,名词,2
69,雪,名词,2
69,零度,数字,2
69,度,名词,2
70,穿少,动词,2
70,进房间,动词,2
70,进,动词,2
70,弟弟,名词,2
70,近一点,形容词,2
70,零度,名词,2
71,开着,助词,2
71,着,助词,2
71,手里,名词,2
71,铅笔,名词,2
71,笔,名词,2
71,拿着,动词,2
71,拿,动词,2
72,班长,动词,2
72,爱笑,动词,2
72,笑,动词,2
72,宾馆,名词,2
73,往前,副词,2
73,往,介词,2
73,路口,名词,2
73,一直,副词,2
74,有意思,名词,2
74,但是,连词,2
74,但,连词,2
74,虽然,连词,2
74,虽,连词,2
74,然,连词,2
74,意思,形容词,2
75,几次,量词,2
75,次,量词,2
75,玩,动词,2
75,玩儿,动词,2
75,晴天,形容词,2
75,晴,名词,2
75,两百,数字,2
76,日期,名词,2
76,新年,名词,2
76,买票,名词,2
76,火车站,名词,2
76,火车,名词,2
77,妹妹,名词,2
77,阴天,形容词,2
77,大家,代词,2
77,更好,副词,2
77,更,副词,2
78,周末,名词,3
78,末,名词,3
78,打算,动词,3
78,算,动词,3
78,跟你,介词,3
78,跟,介词,3
79,游戏,名词,3
79,作业,名词,3
80,着急,形容词,3
80,急,形容词,3
80,复习,动词,3
80,南方,名词,3
80,南,名词,3
80,方,名词,3
80,北方,名词,3
80,南北方,助词,3
81,面包,名词,3
81,带着,动词,3
81,地图,名词,3
81,地,名词,3
81,搬家,动词,3
81,搬,动词,3
82,腿疼,名词,3
82,腿,名词,3
82,疼,形容词,3
82,脚疼,形容词,3
82,脚,名词,3
82,腿脚,名词,3
82,大树,名词,3
82,树,名词,3
82,容易,形容词,3
82,困难,形容词,3
82,难,形容词,3
83,秘书,名词,3
83,经理,名词,3
83,办公室,名词,3
83,太太,名词,3
84,一辆,量词,3
84,辆,量词,3
84,上楼,名词,3
84,楼,名词,3
84,一把,量词,3
84,把,量词,3
84,雨伞,名词,3
85,不胖,形容词,3
85,胖,形容词,3
85,其实,副词,3
85,不瘦,形容词,3
85,瘦,形容词,3
86,还是,连词,3
86,爬山,动词,3
86,爬,动词,3
86,小心,形容词,3
87,两条,量词,3
87,条,量词,3
87,裤子,名词,3
87,裤,名词,3
87,记得,动词,3
87,记,动词,3
88,衬衫,名词,3
88,320元,量词,3
88,元,量词,3
88,新鲜,形容词,3
88,鲜,形容词,3
89,不甜,形容词,3
89,甜,形容词,3
89,只吃,副词,3
89,只,副词,3
89,放着,动词,3
89,放,动词,3
89,饮料,名词,3
90,或者,连词,3
90,舒服,形容词,3
90,花茶,名词,3
90,绿茶,形容词,3
90,绿,形容词,3
91,比赛,名词,3
91,年级,名词,3
91,又高,副词,3
91,又,副词,3
91,照片,名词,3
92,聪明,形容词,3
92,热情,形容词,3
92,努力,形容词,3
92,力,名词,3
93,总是,副词,3
93,总,副词,3
93,回答,动词,3
93,答,动词,3
93,站在,动词,3
93,站,动词,3
94,饿了,形容词,3
94,饿,形容词,3
94,超市,名词,3
94,蛋糕,名词,3
95,年轻,形容词,3
95,轻,形容词,3
95,认真,形容词,3
96,发烧,动词,3
96,烧,动词,3
96,为你,介词,3
96,照顾,动词,3
96,不用,动词,3
97,感冒,动词,3
97,张太太,特殊名词,3
97,季节,名词,3
97,季,名词,3
97,当然,副词,3
98,春天,名词,3
98,春,名词,3
98,青草,名词,3
98,草,名词,3
98,夏天,名词,3
98,夏,名词,3
98,裙子,名词,3
98,裙,名词,3
99,最近,副词,3
99,越来,副词,3
99,越,副词,3
100,突然,副词,3
100,离开,动词,3
100,清楚,形容词,3
100,清,形容词,3
101,刚才,名词,3
101,刚,副词,3
101,帮忙,动词,3
101,特别,副词,3
102,讲讲,动词,3
102,明白,形容词,3
102,锻炼,动词,3
103,音乐,名词,3
103,乐,名词,3
103,公园,名词,3
103,聊天,动词,3
104,睡着,动词,3
104,聊天,名词,3
105,同事,名词,3
105,银行,名词,3
105,银,名词,3
105,多久,形容词,3
105,久,形容词,3
105,以前,名词,3
106,感兴趣,短语,3
106,结婚,动词,3
106,迟到,动词,3
106,迟,形容词,3
107,七点半,数字,3
107,接我,动词,3
107,一刻钟,量词,3
107,刻,量词,3
107,差了,动词,3
107,又去,副词,3
108,满意,动词,3
108,电梯,名词,3
108,二十层,量词,3
108,层,量词,3
108,害怕,动词,3
108,怕,动词,3
109,熊猫,名词,3
109,熊,名词,3
109,见面,名词,3
110,安静,形容词,3
110,静,形容词,3
110,可乐,名词,3
110,一会儿,名词,3
110,马上,副词,3
110,洗手间,名词,3
111,变化,动词,3
111,变,动词,3
111,几乎,副词,3
112,健康,形容词,3
112,重要,形容词,3
113,中文,名词,3
113,一样,形容词,3
113,最后,名词,3
113,放心,动词,3
114,一定,副词,3
114,担心,动词,3
114,比较,副词,3
114,放心,名词,3
114,了解,动词,3
115,参加,动词,3
115,先休息,副词,3
115,先,副词,3
115,中间,名词,3
115,影响,名词,3
116,个子,名词,3
116,矮一点,形容词,3
116,历史,名词,3
116,体育,名词,3
116,数学,名词,3
116,数,名词,3
116,方便,形容词,3
117,骑车,动词,3
117,骑,动词,3
117,太旧,形容词,3
117,旧,形容词,3
117,换掉,动词,3
117,换,动词,3
118,地方,名词,3
118,中介,名词,3
118,主要,形容词,3
119,环境,名词,3
120,图书馆,名词,3
120,借书,动词,3
120,词典,名词,3
120,词,名词,3
120,还书,动词,3
121,关灯,名词,3
121,关,动词,3
121,灯,名词,3
121,会议,名词,3
121,结束,动词,3
121,忘记,动词,3
121,忘,动词,3
122,空调,名词,3
122,地铁,名词,3
122,一双,量词,3
122,双,量词,3
123,笔记本,名词,3
123,筷子,名词,3
123,啤酒,名词,3
123,一口,量词,3
123,瓶子,名词,3
123,瓶,名词,3
124,电子,名词,3
124,邮件,名词,3
124,电子邮件,名词,3
124,习惯,动词,3
124,太阳,名词,3
125,西边,名词,3
125,行李,名词,3
126,行李箱,名词,3
126,箱,名词,3
126,自己,代词,3
126,包裹,名词,3
126,包,动词,3
126,发现,动词,3
127,护照,名词,3
127,起飞,动词,3
127,司机,名词,3
127,教学生,动词,3
128,画画,动词,3
128,画,名词,3
128,画,动词,3
128,需要,动词,3
128,黑板,名词,3
128,终于,副词,3
129,爷爷,名词,3
129,礼物,名词,3
129,礼,名词,3
129,奶奶,名词,3
130,一边,名词,3
130,过去,名词,3
130,一般,形容词,3
130,遇到,动词,3
130,愿意,动词,3
131,起来,动词,3
131,应该,动词,3
131,生活,名词,3
131,校长,名词,3
132,累坏了,形容词,3
132,累,形容词,3
132,坏,形容词,3
132,打扫,动词,3
132,扫,动词,3
133,冰箱,名词,3
133,冰,名词,3
133,干净,形容词,3
133,净,形容词,3
133,然后,连词,3
134,洗澡,动词,3
134,节目,名词,3
134,月亮,名词,3
135,盘子,名词,3
135,盘,名词,3
135,刮风,动词,3
135,风,名词,3
135,叔叔,名词,3
135,好像,动词,3
136,菜单,名词,3
136,阿姨,名词,3
136,故事,名词,3
136,声音,名词,3
136,声,名词,3
137,简单,形容词,3
137,香蕉,名词,3
137,香,形容词,3
137,留学,动词,3
138,水平,名词,3
138,提高,动词,3
138,提,动词,3
138,练习,动词,3
138,完成,动词,3
139,句子,名词,3
139,其他,名词,3
139,其,代词,3
139,发邮件,动词,3
140,注意,动词,3
140,上网,动词,3
140,要求,名词,3
141,除了,介词,3
141,新闻,名词,3
141,花钱,动词,3
141,极了,副词,3
141,极,副词,3
141,节日,名词,3
141,上网,名词,3
142,世界,名词,3
142,街道,名词,3
142,举行,动词,3
143,各个,代词,3
143,各,代词,3
143,文化,名词,3
143,城市,名词,3
144,如果,连词,3
144,认为,动词,3
144,皮鞋,名词,3
144,皮,名词,3
144,鞋,名词,3
145,帽子,名词,3
145,帽,名词,3
145,长高,动词,3
145,可爱,形容词,3
145,一米,名词,3
146,鼻子,名词,3
146,鼻,名词,3
146,头发,名词,3
146,头,名词,3
146,公斤,名词,3
147,检查,动词,3
147,刷牙,动词,3
148,词语,名词,3
148,别人,名词,3
148,别,代词,3
148,请假,动词,3
148,假,名词,3
149,一共,副词,3
149,邻居,名词,3
149,后来,名词,3
150,办法,名词,3
150,吃饱,形容词,3
150,饱,形容词,3
150,为了,介词,3
150,决定,动词,3
150,选择,动词,3
151,冬天,名词,3
151,冬,名词,3
151,必须,副词,3
151,必,副词,3
151,根据,介词,3
152,口渴,动词,3
152,情况,名词,3
152,向你,介词,3
152,向,介词,3
153,五万,数字,3
153,一只,量词,3
153,只,量词,3
153,嘴巴,名词,3
153,动物,名词,3
153,一段,量词,3
153,段,量词,3
153,不但,连词,3
154,而且,连词,3
154,而,连词,3
154,且,连词,3
154,有名,名词,3
154,同意,动词,3
154,相信,动词,3
155,关于,介词,3
155,于,介词,3
155,机会,名词,3
155,国家,名词,3
156,每种,量词,3
156,种,量词,3
156,奇怪,形容词,3
156,奇,形容词,3
156,怪,形容词,3
156,她的,助词,3
156,特点,名词,3
156,耳朵,名词,3
157,脸上,名词,3
157,脸,名词,3
157,短发,形容词,3
157,短,形容词,3
157,骑马,名词,3
157,马,名词,3
157,几张,量词,3
157,张,量词,3
157,一位,量词,3
158,蓝西服,形容词,3
158,秋天,名词,3
158,秋,名词,3
158,过完,动词,3
158,鸟叫,名词,3
158,鸟,名词,3
158,哭声,动词,3
158,哭,动词,3
159,黄河,名词,3
159,黄,形容词,3
159,河,名词,3
159,船上,名词,3
159,船,名词,3
159,经过,动词,3
159,照相,动词,3
160,相机,名词,3
160,被拿走,介词,3
160,难过,形容词,3
160,东门,名词,3
160,信用,名词,3
160,信,名词,3
161,成绩,名词,3
161,信用卡,名词,3
161,只有,连词,3
161,才是,连词,3
161,才,副词,3
162,拿碗,名词,3
162,碗,名词,3
162,分出,动词,3
162,分,动词,3
162,解决,动词,3
162,解,动词,3
162,试着,动词,3
163,多么,副词,3
163,真正,副词,3
163,法律,名词,3
163,法,名词,3
163,律,名词,3
164,你俩,数字,4.1
164,印象,名词,4.1
164,很深,形容词,4.1
164,熟悉,动词,4.1
165,不仅,连词,4.1
165,仅,副词,4.1
165,性格,名词,4.1
167,玩笑,动词,4.1
167,从来,副词,4.1
167,共同,形容词,4.1
167,共,副词,4.1
168,适合,动词,4.1
168,幸福,形容词,4.1
168,福,名词,4.1
169,刚结婚,副词,4.1
169,浪漫,形容词,4.1
169,不够,动词,4.1
169,生活,动词,4.1
170,羡慕,动词,4.1
170,缺点,名词,4.1
170,接受,动词,4.1
171,爱情,名词,4.1
171,爱,名词,4.1
171,星星,名词,4.1
171,即使,连词,4.1
172,加班,动词,4.1
172,亮灯,动词,4.1
172,感动,动词,4.1
172,自然,副词,4.1
173,原因,名词,4.1
173,互相,副词,4.1
173,吸引,动词,4.1
174,幽默,形容词,4.1
174,脾气,名词,4.1
174,脾,名词,4.1
174,适应,动词,4.1
175,交朋友,动词,4.1
175,平时,名词,4.1
175,逛街,动词,4.1
175,短信,名词,4.1
176,正好,副词,4.1
176,聚会,动词,4.1
177,毕业,动词,4.1
177,联系,动词,4.1
177,差,动词,4.1
177,差不多,副词,4.1
177,专门,副词,4.1
177,聚会,名词,4.1
178,毕业,名词,4.1
178,麻烦,动词,4.1
178,上海,特殊名词,4.1
178,海,名词,4.1
179,重新,副词,4.1
179,重,副词,4.1
179,尽管,连词,4.1
179,好像,副词,4.1
180,友谊,名词,4.1
180,真正,形容词,4.1
181,丰富,动词,4.1
181,无聊,形容词,4.1
181,讨厌,动词,4.1
181,却很,副词,4.1
182,周围,名词,4.1
182,交流,动词,4.1
182,理解,动词,4.1
183,镜子,名词,4.1
183,镜,名词,4.1
183,而我,连词,4.1
183,当你,介词,4.1
183,当,介词,4.1
183,困难,名词,4.1
184,及时,副词,4.1
184,陪伴,动词,4.1
185,挺容易,副词,4.1
185,挺,副词,4.1
185,紧张,形容词,4.1
185,紧,形容词,4.1
185,信心,名词,4.1
185,能力,名词,4.1
185,招聘,动词,4.1
186,提供,动词,4.1
186,负责,动词,4.1
187,本来,副词,4.1
187,应聘,动词,4.1
187,材料,名词,4.1
187,负责,名词,4.1
188,符合,动词,4.1
188,通知,名词,4.1
189,律师,名词,4.1
189,专业,名词,4.1
189,另外,连词,4.1
190,咱们,代词,4.1
190,咱,代词,4.1
190,安排,动词,4.1
190,收入,名词,4.1
190,收,动词,4.1
190,首先,代词,4.1
191,正式,形容词,4.1
191,留下,动词,4.1
191,其次,代词,4.1
191,诚实,形容词,4.1
191,改变,动词,4.1
192,感觉,名词,4.1
192,判断,动词,4.1
192,顾客,名词,4.1
192,准时,形容词,4.1
193,不管,连词,4.1
193,与别人,短语,4.1
193,与,连词,4.1
193,约会,动词,4.1
194,安全,副词,4.1
194,调查,动词,4.1
194,别提了,动词,4.1
194,以为,动词,4.1
194,那份,量词,4.1
194,赚钱,动词,4.1
195,原来,形容词,4.1
195,计划,名词,4.1
195,提前,动词,4.1
195,保证,动词,4.1
196,提醒,动词,4.1
196,手忙脚乱,形容词,4.1
196,乱,形容词,4.1
197,生意,名词,4.1
197,谈成了,动词,4.1
197,并不,副词,4.1
197,并,连词,4.1
197,积累,动词,4.1
198,经验,名词,4.1
198,一切,代词,4.1
199,按照,介词,4.1
199,按,动词,4.1
199,成功,形容词,4.1
199,顺利,形容词,4.1
199,感谢,动词,4.1
200,按时,副词,4.1
200,按,介词,4.1
200,奖金,名词,4.1
200,金,名词,4.1
200,工资,名词,4.1
200,消息,名词,4.1
201,方法,名词,4.1
201,知识,名词,4.1
202,不得不,副词,4.1
202,甚至,连词,4.1
202,责任,名词,4.1
202,家具,名词,4.1
203,沙发,名词,4.1
203,打折,动词,4.1
203,价格,名词,4.1
203,质量,名词,4.1
204,肯定,副词,4.1
204,流行,动词,4.1
204,顺便,副词,4.1
205,一台,量词,4.1
205,台,量词,4.1
205,买光,动词,4.1
205,光,副词,4.1
205,实在,副词,4.1
205,制冷,动词,4.1
206,效果,名词,4.1
206,现金,名词,4.1
206,邀请,动词,4.1
206,制冷,形容词,4.1
207,葡萄,名词,4.1
207,艺术,名词,4.1
207,广告,名词,4.1
207,味道,名词,4.1
208,优点,名词,4.1
208,实际,名词,4.1
208,考虑,动词,4.1
209,标准,名词,4.1
209,样子,名词,4.1
210,浪费,动词,4.1
210,购物,动词,4.1
210,年龄,名词,4.1
210,尤其,副词,4.1
211,受到,动词,4.1
211,任何,代词,4.1
211,寄到,动词,4.1
211,果汁,名词,4.1
212,售货员,名词,4.1
212,袜子,名词,4.1
212,袜,名词,4.1
212,打扰,动词,4.1
212,竟然,副词,4.1
212,西红柿,名词,4.1
213,百分之,短语,4.1
213,两倍,量词,4.1
213,皮肤,名词,4.1
214,好处,名词,4.1
214,处,名词,4.1
214,尝尝,动词,4.1
214,轻一点,形容词,4.1
215,方面,名词,4.1
215,值得,动词,4.1
215,活动,名词,4.1
216,一年内,名词,4.1
216,内,方位词,4.1
216,免费,动词,4.1
216,修理,动词,4.1
216,修,动词,4.1
216,支持,动词,4.1
217,满100元,动词,4.1
217,满,形容词,4.1
217,其中,名词,4.1
218,小说,名词,4.1
218,会员,名词,4.1
218,会员卡,名词,4.1
218,所有,形容词,4.1
218,获得,动词,4.1
219,例如,动词,4.1
219,例,名词,4.1
219,举办,动词,4.1
219,各种各样,代词,4.1
219,降,动词,4.1
219,降低,动词,4.1
219,低,形容词,4.1
220,流血,动词,4.1
220,血,名词,4.1
220,擦擦,动词,4.1
220,擦,动词,4.1
220,气候,名词,4.1
220,估计,动词,4.1
220,咳嗽,动词,4.1
220,流血,名词,4.1
221,抽烟,动词,4.1
221,烟,名词,4.1
221,严重,形容词,4.1
221,窗户,名词,4.1
221,窗,名词,4.1
221,空气,名词,4.1
221,空,形容词,4.1
222,动作,名词,4.1
222,很帅,形容词,4.1
222,出现,动词,4.1
222,后悔,动词,4.1
223,大夫,形容词,4.1
223,来不及,动词,4.1
223,及,连词,4.1
223,反对,动词,4.1
223,反,形容词,4.1
223,反,副词,4.1
223,对,介词,4.1
224,大夫,名词,4.1
224,植物,名词,4.1
224,研究,动词,4.1
224,超过,动词,4.1
224,散步,动词,4.1
224,是指,动词,4.1
224,指,动词,4.1
225,教授,名词,4.1
225,数字,名词,4.1
225,精神,名词,4.1
225,精,名词,4.1
226,说明,动词,4.1
226,要是,连词,4.1
226,既要,副词,4.1
227,减肥,动词,4.1
227,辛苦,形容词,4.1
227,苦,形容词,4.1
227,肚子,名词,4.1
227,感情,名词,4.1
228,烦恼,形容词,4.1
228,跑掉,动词,4.1
228,巧克力,名词,4.1
229,亲戚,名词,4.1
229,伤心,形容词,4.1
229,使人,动词,4.1
230,愉快,形容词,4.1
230,景色,名词,4.1
231,放松,动词,4.1
231,松,形容词,4.1
231,压力,名词,4.1
231,回忆,动词,4.1
231,发生,动词,4.1
232,成为,动词,4.1
232,只要,连词,4.1
233,师傅,名词,4.1
233,大使馆,名词,4.1
233,堵车,动词,4.1
233,耐心,名词,4.1
233,距离,名词,4.1
234,生命,名词,4.1
234,命,名词,4.1
234,缺少,动词,4.1
234,到处,副词,4.1
234,态度,名词,4.1
234,因此,连词,4.1
234,此,代词,4.1
234,科学,名词,4.1
235,证明,动词,4.1
235,往往,副词,4.1
235,阳光,形容词,4.1
235,光,名词,4.1
236,积极,形容词,4.1
236,特,形容词,4.1
236,饼干,名词,4.1
236,干,形容词,4.1
237,难道,副词,4.1
237,就得,短语,4.1
237,坚持,动词,4.1
238,放弃,动词,4.1
238,主意,名词,4.1
238,网球,名词,4.1
239,轻松,形容词,4.1
239,赢了,动词,4.1
239,赢,动词,4.1
239,随便,形容词,4.1
240,汗水,名词,4.1
240,汗,名词,4.1
240,通过,连词,4.1
240,一篇,量词,4.1
240,篇,量词,4.1
241,作家,名词,4.1
241,当时,名词,4.1
241,可是,连词,4.1
241,正确,形容词,4.1
242,理想,名词,4.1
242,勇敢,形容词,4.1
243,结果,名词,4.1
243,失败,动词,4.1
243,过程,名词,4.1
244,至少,副词,4.1
244,总结,动词,4.1
244,取得,动词,4.1
245,经历,动词,4.1
245,许多,数字,4.1
245,区别,名词,4.1
245,暂时,名词,4.1
245,暂,形容词,4.1
246,礼拜天,名词,4.1
246,面对,动词,4.1
247,空,名词,4.1
247,母亲,名词,4.1
248,不过,连词,4.1
248,永远,副词,4.1
248,方向,名词,4.1
249,优秀,形容词,4.1
249,硕士,名词,4.1
249,翻译,名词,4.1
249,翻,动词,4.1
250,确实,副词,4.1
250,兴奋,形容词,4.1
250,拉着,动词,4.1
250,拉,动词,4.1
250,建议,名词,4.1
251,职业,名词,4.1
251,关键,名词,4.1
251,将来,名词,4.1
252,发展,动词,4.1
252,躺在,动词,4.1
252,躺,动词,4.1
252,困了,形容词,4.1
252,困,形容词,4.1
252,经济,名词,4.1
253,等等,助词,4.1
253,条件,名词,4.1
253,富人,形容词,4.1
253,富,形容词,4.1
253,穷人,形容词,4.1
253,穷,形容词,4.1
253,由于,连词,4.1
253,由,介词,4.1
253,比如,动词,4.1
254,橡皮,名词,4.1
254,一块糖,名词,4.1
254,高低,形容词,4.1
254,答案,名词,4.1
255,流利,形容词,4.2
255,厉害,形容词,4.2
255,语法,名词,4.2
255,准确,形容词,4.2
256,连,动词,4.2
256,大卫,特殊名词,4.2
256,阅读,动词,4.2
257,来得及,动词,4.2
257,复杂,形容词,4.2
257,杂,形容词,4.2
257,只好,副词,4.2
258,填空,动词,4.2
258,随便猜,动词,4.2
258,否则,连词,4.2
259,客厅,名词,4.2
259,无论,连词,4.2
259,杂志,名词,4.2
259,杂,名词,4.2
259,著名,形容词,4.2
260,一页,量词,4.2
260,页,量词,4.2
260,增加,动词,4.2
260,文章,名词,4.2
261,之一,助词,4.2
261,之,代词,4.2
261,内容,名词,4.2
261,然而,连词,4.2
261,看法,名词,4.2
261,相同,形容词,4.2
262,顺序,名词,4.2
262,表示,动词,4.2
262,养成,动词,4.2
263,同时,连词,4.2
263,精彩,形容词,4.2
263,规定,名词,4.2
264,死的,形容词,4.2
264,可惜,形容词,4.2
264,全部,名词,4.2
264,全,形容词,4.2
264,也许,副词,4.2
265,商量,动词,4.2
265,并且,连词,4.2
265,加盐,名词,4.2
265,盐,名词,4.2
266,一勺,名词,4.2
266,保护,动词,4.2
266,作用,名词,4.2
266,无法,动词,4.2
266,这节,量词,4.2
266,节,量词,4.2
267,详细,形容词,4.2
267,细,形容词,4.2
267,解释,动词,4.2
268,对于,介词,4.2
268,叶,名词,4.2
268,叶子,名词,4.2
268,教育,动词,4.2
268,使用,动词,4.2
269,语言,名词,4.2
269,直接,形容词,4.2
269,直,形容词,4.2
269,引起,动词,4.2
270,误会,名词,4.2
270,友好,形容词,4.2
270,事半功倍,名词,4.2
271,节约,动词,4.2
271,力气,名词,4.2
271,相反,副词,4.2
272,达到,动词,4.2
272,任务,名词,4.2
272,意见,名词,4.2
272,仔细,形容词,4.2
272,相反,形容词,4.2
273,京剧,名词,4.2
273,演员,名词,4.2
273,观众,名词,4.2
273,深厚,形容词,4.2
273,厚,形容词,4.2
274,演出,动词,4.2
274,大概,副词,4.2
274,来自,动词,4.2
274,自,介词,4.2
275,吃惊,动词,4.2
275,惊,名词,4.2
275,一遍,量词,4.2
275,遍,量词,4.2
275,偶尔,副词,4.2
276,基础,名词,4.2
276,表演,动词,4.2
276,正常,形容词,4.2
277,申请,动词,4.2
277,有趣,形容词,4.2
278,大约,副词,4.2
278,开心,形容词,4.2
278,继续,动词,4.2
278,由你,短语,4.2
278,讨论,动词,4.2
279,餐厅,名词,4.2
279,纸袋,名词,4.2
280,进行,动词,4.2
280,错误,形容词,4.2
280,互联网,名词,4.2
280,随着,介词,4.2
281,部分,名词,4.2
281,普通,形容词,4.2
281,普,形容词,4.2
281,稍微,副词,4.2
281,稍,副词,4.2
281,十分,副词,4.2
282,有点儿苦,形容词,4.2
282,广东,特殊名词,4.2
282,广东省,特殊名词,4.2
282,出差,动词,4.2
283,毛巾,名词,4.2
283,毛,名词,4.2
283,巾,名词,4.2
283,牙膏,名词,4.2
283,牙,名词,4.2
283,够重,形容词,4.2
283,重,形容词,4.2
284,省油,动词,4.2
284,油,名词,4.2
284,污染,动词,4.2
284,卫生,名词,4.2
284,可行,动词,4.2
285,卫生间,名词,4.2
285,脏,形容词,4.2
285,好,副词,4.2
285,好脏,形容词,4.2
285,抱歉,动词,4.2
285,空的,形容词,4.2
285,盒子,名词,4.2
286,地球,名词,4.2
286,扔掉,动词,4.2
286,以最快,短语,4.2
286,以,介词,4.2
286,速度,名词,4.2
287,既然,连词,4.2
287,停电,动词,4.2
287,停,动词,4.2
287,得意,形容词,4.2
287,目的,名词,4.2
287,变暖,形容词,4.2
287,暖,形容词,4.2
287,塑料袋,名词,4.2
288,塑料,名词,4.2
288,于是,连词,4.2
288,鼓励,动词,4.2
288,拒绝,动词,4.2
289,减少,动词,4.2
289,数量,名词,4.2
290,乘坐,动词,4.2
290,丢,动词,4.2
290,丢垃圾,短语,4.2
290,垃圾桶,名词,4.2
290,美丽,形容词,4.2
290,温度,名词,4.2
291,弹钢琴,动词,4.2
291,琴,名词,4.2
291,弹钢琴,短语,4.2
291,弹,动词,4.2
291,真棒,形容词,4.2
291,孙子,名词,4.2
291,寒假,名词,4.2
291,寒,名词,4.2
291,父亲,名词,4.2
291,闹钟,名词,4.2
292,响了,动词,4.2
292,不醒,动词,4.2
292,赶时间,动词,4.2
292,赶,动词,4.2
292,厕所,名词,4.2
293,打针,动词,4.2
293,针,名词,4.2
293,批评,动词,4.2
293,弄得,动词,4.2
293,管理,动词,4.2
294,打针,名词,4.2
294,故意,副词,4.2
294,护士,名词,4.2
294,表扬,动词,4.2
294,千万,副词,4.2
294,怀疑,动词,4.2
295,儿童,名词,4.2
295,敲打,动词,4.2
295,整理,动词,4.2
295,合适,形容词,4.2
295,骗人,动词,4.2
295,假话,形容词,4.2
295,假,形容词,4.2
295,左右,名词,4.2
296,笨重,形容词,4.2
296,笨,形容词,4.2
296,粗心,形容词,4.2
296,粗,形容词,4.2
296,骄傲,形容词,4.2
296,害羞,动词,4.2
296,懒惰,形容词,4.2
296,博士,名词,4.2
297,表格,名词,4.2
297,签证,名词,4.2
297,证,名词,4.2
297,报名,动词,4.2
298,参观,动词,4.2
298,传真,名词,4.2
298,真,名词,4.2
298,号码,名词,4.2
299,激动,形容词,4.2
299,小伙,名词,4.2
300,代表,动词,4.2
300,恐怕,副词,4.2
300,记者,名词,4.2
300,者,代词,4.2
300,失望,形容词,4.2
301,导游,名词,4.2
301,郊区,名词,4.2
301,到底,副词,4.2
301,底,名词,4.2
301,好呀,助词,4.2
301,呀,助词,4.2
301,呀,叹词,4.2
302,礼貌,名词,4.2
302,原谅,动词,4.2
302,挂在,动词,4.2
303,同情,动词,4.2
303,推到,动词,4.2
303,推,动词,4.2
303,预习,动词,4.2
303,重点,名词,4.2
304,马虎,形容词,4.2
304,自信,形容词,4.2
304,冷静,形容词,4.2
305,输赢,动词,4.2
305,输,动词,4.2
305,重视,动词,4.2
305,不敢,动词,4.2
305,尊重,动词,4.2
306,凉快,形容词,4.2
306,凉,形容词,4.2
306,倒是,副词,4.2
306,热闹,形容词,4.2
306,白云,名词,4.2
306,广播,名词,4.2
306,照片,动词,4.2
307,香山,特殊名词,4.2
307,长城,特殊名词,4.2
307,狗毛,名词,4.2
308,抱一抱,动词,4.2
308,抱,动词,4.2
308,干什么,动词,4.2
308,严格,形容词,4.2
308,难受,形容词,4.2
308,一趟,量词,4.2
308,趟,量词,4.2
309,暑假,名词,4.2
309,放暑假,短语,4.2
309,老虎,名词,4.2
309,虎,名词,4.2
310,排队,动词,4.2
310,活泼,形容词,4.2
310,入口,名词,4.2
310,亚洲,特殊名词,4.2
310,洲,名词,4.2
311,儿童,特殊名词,4.2
311,儿童节,特殊名词,4.2
311,社会,名词,4.2
312,海洋,名词,4.2
312,洋,名词,4.2
312,竞争,动词,4.2
312,争,动词,4.2
312,森林,名词,4.2
312,剩下,动词,4.2
312,暖和,形容词,4.2
313,公里,量词,4.2
313,里,量词,4.2
313,海底,名词,4.2
313,美人鱼,名词,4.2
314,仍然,副词,4.2
314,排列,动词,4.2
314,梦里,名词,4.2
314,降落,动词,4.2
315,非常火,形容词,4.2
315,作者,名词,4.2
315,交通,名词,4.2
316,技术,名词,4.2
316,是否,副词,4.2
316,几秒钟,量词,4.2
316,秒,量词,4.2
317,方式,名词,4.2
317,式,名词,4.2
317,受不了,短语,4.2
317,日记,名词,4.2
318,安全,形容词,4.2
318,密码,名词,4.2
318,允许,动词,4.2
318,一座,量词,4.2
318,座,量词,4.2
319,一座桥,名词,4.2
319,桥,名词,4.2
319,危险,形容词,4.2
319,接着,副词,4.2
320,付款,动词,4.2
320,抓住,动词,4.2
320,抓,动词,4.2
320,太咸,形容词,4.2
320,咸,形容词,4.2
320,矿,名词,4.2
320,泉水,名词,4.2
320,泉,名词,4.2
320,矿泉水,名词,4.2
320,警察,名词,4.2
321,付款,名词,4.2
321,举例子,动词,4.2
321,迷路,动词,4.2
321,地址,名词,4.2
321,地点,名词,4.2
321,世纪,名词,4.2
322,邮局,名词,4.2
322,收到,动词,4.2
322,信封,名词,4.2
323,网站,名词,4.2
323,信息,名词,4.2
324,道歉,动词,4.2
324,学期,名词,4.2
324,出生,动词,4.2
324,性别,名词,4.2
325,打印,动词,4.2
325,复印,动词,4.2
325,饺子,名词,4.2
326,用刀,名词,4.2
326,刀,名词,4.2
326,弄破,形容词,4.2
326,脱下,动词,4.2
326,理发,动词,4.2
327,打招呼,动词,4.2
327,包子,名词,4.2
327,零钱,名词,4.2
328,招呼,名词,4.2
328,戴,动词,4.2
328,眼镜,名词,4.2
328,戴眼镜,短语,4.2
328,舞蹈,动词,4.2
329,国籍,名词,4.2
329,抬胳膊,动词,4.2
329,抬,动词,4.2
329,转一下,动词,4.2
329,转,动词,4.2
329,租房,动词,4.2
329,舞蹈,名词,4.2
330,功夫,动词,4.2
330,非常吵,动词,4.2
330,厨房,名词,4.2
330,房东,名词,4.2
330,占线,动词,4.2
330,线,名词,4.2
331,功夫,名词,4.2
331,乒乓,名词,4.2
331,羽毛,名词,4.2
331,一场,量词,4.2
331,场,量词,4.2
332,禁止,动词,4.2
332,座位,量词,4.2
332,位,名词,4.2
333,加油,名词,4.2
333,高速,特殊名词,4.2
333,加油站,名词,4.2
333,航班,名词,4.2
333,推迟,动词,4.2
333,迟,副词,4.2
334,公路,名词,4.2
334,高速公路,特殊名词,4.2
334,登机,名词,4.2
334,登机牌,名词,4.2
334,牌,名词,4.2
334,首都,名词,4.2
335,长江,特殊名词,4.2
335,江,名词,4.2
335,首都机场,名词,4.2
335,旅行,动词,4.2
336,怪可怜,副词,4.2
336,可怜,形容词,4.2
336,对面,名词,4.2
336,烤鸭,动词,4.2
336,烤,动词,4.2
336,鸭,名词,4.2
337,干杯,动词,4.2
337,祝,动词,4.2
337,祝贺,动词,4.2
337,合格,形容词,4.2
337,烤鸭,名词,4.2
338,干杯,名词,4.2
338,民族,名词,4.2
338,打扮,动词,4.2
338,笑话,名词,4.2
339,存包,动词,4.2
339,钥匙,名词,4.2
339,究竟,副词,4.2
339,一颗,量词,4.2
339,颗,量词,4.2
340,汤水,名词,4.2
340,对话,动词,4.2
340,普通话,名词,4.2
341,小吃,名词,4.2
341,收拾,动词,4.2
341,出发,动词,4.2
341,咸辣,形容词,4.2
341,辣,形容词,4.2
341,香辣,形容词,4.2
341,酸辣,形容词,4.2
341,酸,形容词,4.2
342,细节,名词,5.1
342,电台,名词,5.1
342,恩爱,形容词,5.1
342,对比,动词,5.1
342,入围,动词,5.1
342,评委,名词,5.1
343,如何,代词,5.1
343,瘫痪,动词,5.1
343,离婚,动词,5.1
343,自杀,动词,5.1
343,杀,动词,5.1
344,抱怨,动词,5.1
344,爱护,动词,5.1
344,婚姻,名词,5.1
344,吵架,动词,5.1
344,相敬如宾,特殊名词,5.1
345,不耐烦,名词,5.1
345,暗暗,副词,5.1
345,暗,形容词,5.1
345,暗,副词,5.1
345,轮到,动词,5.1
345,相敬如宾,成语,5.1
346,靠在,动词,5.1
346,肩膀,名词,5.1
346,肩,名词,5.1
346,喊醒,动词,5.1
346,伸出,动词,5.1
346,手指,名词,5.1
346,指,名词,5.1
346,歪扭,形容词,5.1
346,歪,形容词,5.1
347,递给,动词,5.1
347,脑袋,名词,5.1
347,女士,名词,5.1
347,叙述,动词,5.1
347,居然,副词,5.1
348,不催,动词,5.1
348,等待,动词,5.1
348,蚊子,名词,5.1
348,蚊,名词,5.1
348,半夜,名词,5.1
348,夜,名词,5.1
348,叮醒,动词,5.1
349,老婆,名词,5.1
349,吵醒,动词,5.1
349,两项,量词,5.1
349,患难与共,成语,5.1
350,打工,动词,5.1
350,挣钱,动词,5.1
350,县里,名词,5.1
350,一套,量词,5.1
350,套,量词,5.1
350,装修,动词,5.1
350,不得了,形容词,5.1
350,喝醉,动词,5.1
350,醉,形容词,5.1
